,average_voltage,capacity_grav,energy_grav,fracA_charge,fracA_discharge,stability_charge,stability_discharge,max_delta_volume,formula_discharge,weighted_score
1,4.588,335.405,1538.830,0.000,0.250,0.058,0.007,0.011,Li2VF5,0.799
2,3.568,482.167,1720.163,0.000,0.333,0.036,0.075,0.053,Li3VF5,0.779
3,4.333,288.568,1250.262,0.125,0.300,0.039,0.000,0.015,Li3VF6,0.747
4,3.936,356.601,1403.722,0.000,0.267,0.065,0.037,0.030,Li4V2F9,0.743
5,4.245,288.568,1225.020,0.125,0.300,0.026,0.007,0.020,Li3VF6,0.740
6,4.260,335.405,1428.885,0.000,0.250,0.000,0.046,0.072,Li2VF5,0.735
7,3.581,482.167,1726.657,0.000,0.333,0.010,0.052,0.137,Li3VF5,0.732
8,3.702,358.236,1326.050,0.000,0.268,0.023,0.070,0.029,Li11V6O5F19,0.732
9,3.685,358.236,1320.071,0.000,0.268,0.028,0.078,0.024,Li11V6O5F19,0.730
10,3.586,482.167,1729.243,0.000,0.333,0.034,0.067,0.122,Li3VF5,0.730
11,4.212,288.568,1215.518,0.125,0.300,0.053,0.035,0.005,Li3VF6,0.729
12,4.044,288.568,1166.894,0.125,0.300,0.006,0.031,0.025,Li3VF6,0.722
13,3.760,388.940,1462.294,0.000,0.286,0.096,0.094,0.029,Li2VOF3,0.720
14,3.790,273.839,1037.783,0.000,0.250,0.008,0.000,0.036,LiCoO2,0.710
15,4.629,253.209,1171.981,0.200,0.333,0.106,0.013,0.011,Li4VF7,0.708
16,5.338,198.631,1060.253,0.000,0.167,0.000,0.041,0.055,LiCrF4,0.708
17,5.614,194.393,1091.246,0.000,0.167,0.000,0.001,0.092,LiMnF4,0.705
18,3.300,380.657,1256.250,0.000,0.286,0.041,0.033,0.062,Li2VF4,0.701
19,3.798,388.940,1477.121,0.000,0.286,0.096,0.083,0.065,Li2VOF3,0.699
20,4.728,217.228,1027.137,0.000,0.167,0.086,0.034,0.007,Li2CoP2O7,0.697
21,4.059,294.729,1196.402,0.000,0.250,0.191,0.002,0.002,LiCrO2,0.697
22,4.281,236.673,1013.078,0.138,0.282,0.049,0.029,0.012,Li11V4F24,0.693
23,3.365,430.788,1449.434,0.000,0.300,0.150,0.000,0.082,Na2Li3FeO4,0.693
24,3.433,417.261,1432.517,0.125,0.364,0.046,0.056,0.089,Li4VF6,0.693
25,4.330,313.921,1359.316,0.143,0.333,0.015,0.050,0.094,Li3MnF5,0.692
26,3.077,512.583,1577.059,0.000,0.400,0.127,0.081,0.102,Li2NiO2,0.691
27,4.452,204.784,911.797,0.000,0.167,0.054,0.024,0.005,LiVOF3,0.691
28,5.910,218.556,1291.742,0.000,0.200,0.000,0.016,0.153,LiNiF3,0.690
29,4.253,200.196,851.494,0.000,0.167,0.000,0.006,0.024,LiVF4,0.690
30,3.821,274.063,1047.323,0.000,0.250,0.051,0.014,0.037,Li3Co2NiO6,0.690
31,3.682,246.157,906.410,0.000,0.200,0.005,0.049,0.003,LiVO2F,0.689
32,4.638,175.317,813.129,0.000,0.143,0.007,0.037,0.007,LiVF5,0.689
33,3.839,377.827,1450.498,0.000,0.286,0.006,0.064,0.123,Li2CrF4,0.689
34,4.689,175.317,822.109,0.000,0.143,0.005,0.029,0.017,LiVF5,0.687
35,4.340,200.196,868.815,0.000,0.167,0.025,0.012,0.018,LiVF4,0.687
36,3.821,388.940,1486.238,0.000,0.286,0.058,0.049,0.117,Li2VOF3,0.686
37,3.150,285.493,899.400,0.000,0.250,0.015,0.029,0.010,LiMnO2,0.686
38,4.543,226.142,1027.383,0.000,0.176,0.038,0.000,0.059,Li3VFeP2(O4F)2,0.684
39,3.813,274.007,1044.700,0.000,0.250,0.039,0.010,0.052,Li4Co3NiO8,0.684
40,4.712,175.317,826.064,0.000,0.143,0.014,0.033,0.018,LiVF5,0.682
41,4.404,166.629,733.808,0.000,0.143,0.026,0.005,0.003,LiCoPO4,0.679
42,5.298,137.902,730.666,0.000,0.105,0.069,0.013,0.005,Li2Co(PO3)4,0.677
43,4.158,204.784,851.467,0.000,0.167,0.020,0.046,0.008,LiVOF3,0.677
44,2.646,372.870,986.575,0.286,0.444,0.050,0.018,0.012,Li4CrO4,0.676
45,5.208,127.791,665.499,0.000,0.105,0.050,0.016,0.003,Li2Ni2(SO4)3,0.673
46,4.897,171.245,838.652,0.070,0.184,0.079,0.000,0.019,Li9Mn3P8O29,0.672
47,4.461,204.784,913.638,0.000,0.167,0.048,0.018,0.035,LiVOF3,0.672
48,4.769,217.228,1036.059,0.000,0.167,0.107,0.045,0.029,Li2CoP2O7,0.670
49,4.343,166.629,723.733,0.000,0.143,0.018,0.007,0.014,LiCoPO4,0.669
50,4.501,170.910,769.226,0.143,0.250,0.041,0.000,0.015,Li2VOF4,0.668
51,4.668,196.238,916.046,0.000,0.150,0.062,0.000,0.047,Li3Cr2(PO4)3,0.667
52,4.974,193.932,964.558,0.154,0.267,0.138,0.019,0.014,Li4Ni(PO4)2,0.666
53,4.849,155.810,755.501,0.000,0.128,0.074,0.015,0.009,Li6Co5(P2O7)4,0.665
54,3.699,274.706,1016.085,0.000,0.250,0.044,0.044,0.048,Li10FeCo9O20,0.665
55,3.014,378.791,1141.587,0.000,0.292,0.088,0.035,0.060,Li7V5O12,0.664
56,4.483,204.784,917.967,0.000,0.167,0.051,0.017,0.045,LiVOF3,0.664
57,4.302,166.629,716.810,0.000,0.143,0.006,0.003,0.027,LiCoPO4,0.663
58,4.595,201.740,927.042,0.083,0.214,0.082,0.018,0.029,Li3Mn(PO4)2,0.663
59,4.128,236.525,976.469,0.100,0.250,0.133,0.021,0.005,Li3Al2FeO6,0.663
60,2.756,320.296,882.586,0.083,0.302,0.003,0.060,0.017,Li19V12O32,0.663
61,4.836,370.151,1790.020,0.000,0.286,0.079,0.043,0.211,Li2MnF4,0.662
62,4.688,208.777,978.769,0.000,0.182,0.015,0.054,0.067,Li2Mn2F7,0.662
63,5.751,88.585,509.459,0.000,0.071,0.070,0.001,0.004,LiNi(PO3)3,0.661
64,3.654,217.201,793.554,0.000,0.154,0.009,0.033,0.014,NaLi2MnPCO7,0.660
65,4.558,175.317,799.172,0.000,0.143,0.004,0.046,0.034,LiVF5,0.660
66,5.068,175.317,888.450,0.000,0.143,0.037,0.002,0.073,LiVF5,0.660
67,5.832,88.585,516.593,0.000,0.071,0.076,0.000,0.009,LiNi(PO3)3,0.660
68,4.127,293.249,1210.329,0.000,0.222,0.035,0.029,0.110,Li2MnPO4F,0.659
69,4.794,149.885,718.539,0.125,0.222,0.027,0.000,0.035,Li2VF6,0.656
70,5.324,106.752,568.350,0.000,0.083,0.059,0.022,0.001,LiCr(SO4)2,0.656
71,4.147,228.354,946.873,0.091,0.231,0.053,0.039,0.035,Li3CoPCO7,0.656
72,5.297,141.496,749.485,0.000,0.115,0.135,0.009,0.008,Li3Fe3(PO4)4,0.656
73,4.925,166.877,821.900,0.000,0.143,0.140,0.033,0.000,LiNiPO4,0.655
74,4.188,213.741,895.144,0.000,0.154,0.054,0.028,0.036,NaLi2CoPCO7,0.654
75,4.334,166.629,722.105,0.000,0.143,0.008,0.000,0.041,LiCoPO4,0.654
76,4.630,212.289,982.831,0.000,0.121,0.073,0.063,0.035,Li4MnH6(S2O9)2,0.654
77,4.916,175.317,861.915,0.000,0.143,0.084,0.064,0.020,LiVF5,0.654
78,5.529,88.515,489.431,0.000,0.071,0.048,0.000,0.012,LiCo(PO3)3,0.654
79,4.077,196.491,801.018,0.000,0.150,0.047,0.044,0.011,Li6VCr3(PO4)6,0.654
80,3.923,226.070,886.769,0.053,0.182,0.032,0.062,0.019,Li2VH2OF5,0.653
81,3.832,158.726,608.256,0.000,0.125,0.000,0.000,0.005,LiVPO5,0.653
82,4.954,166.877,826.792,0.000,0.143,0.107,0.000,0.036,LiNiPO4,0.652
83,5.979,71.504,427.529,0.000,0.056,0.060,0.001,0.013,LiCr(PO3)4,0.652
84,3.677,232.308,854.159,0.091,0.231,0.016,0.050,0.022,Li3MnPCO7,0.652
85,4.703,139.006,653.807,0.000,0.105,0.063,0.009,0.006,Li2Fe(PO3)4,0.652
86,4.668,156.811,732.040,0.000,0.111,0.028,0.000,0.042,LiCrPHO5,0.652
87,4.134,161.983,669.679,0.000,0.143,0.005,0.039,0.010,LiCuPO4,0.652
88,4.667,193.764,904.349,0.154,0.267,0.067,0.001,0.053,Li4Co(PO4)2,0.652
89,3.939,274.512,1081.186,0.000,0.250,0.130,0.000,0.064,LiNiO2,0.652
90,3.347,380.657,1274.099,0.000,0.286,0.045,0.023,0.131,Li2VF4,0.651
91,3.461,223.754,774.510,0.000,0.200,0.007,0.024,0.029,LiFeF3,0.651
92,4.725,174.692,825.440,0.167,0.286,0.000,0.015,0.068,Li2CuF4,0.651
93,5.546,116.342,645.211,0.000,0.087,0.090,0.033,0.010,Li2Cr(PO3)5,0.651
94,4.045,294.729,1192.200,0.000,0.250,0.185,0.000,0.064,LiCrO2,0.651
95,5.278,113.216,597.533,0.000,0.091,0.080,0.017,0.005,LiFeP2O7,0.650
96,5.622,87.187,490.196,0.000,0.071,0.054,0.002,0.017,LiCu(PO3)3,0.650
97,4.686,245.319,1149.457,0.056,0.227,0.164,0.056,0.041,Li5Ni2(PO4)3,0.650
98,3.942,242.540,956.212,0.154,0.312,0.126,0.048,0.004,Li5Mn2CoO8,0.650
99,3.115,290.439,904.800,0.000,0.250,0.101,0.050,0.005,Li5Mn3V2O10,0.650
100,4.803,217.228,1043.248,0.000,0.167,0.077,0.015,0.085,Li2CoP2O7,0.650
101,4.685,219.981,1030.627,0.000,0.167,0.181,0.019,0.028,Li2FeP2O7,0.649
102,4.956,228.587,1132.984,0.091,0.231,0.178,0.037,0.042,Li3NiPCO7,0.649
103,5.066,146.438,741.845,0.000,0.115,0.086,0.014,0.027,Li3Ni2P5O16,0.649
104,4.100,227.661,933.369,0.200,0.333,0.131,0.000,0.020,Li2FeO3,0.649
105,5.373,105.140,564.868,0.000,0.083,0.062,0.021,0.012,LiFe(SO4)2,0.648
106,5.061,99.662,504.381,0.000,0.087,0.060,0.000,0.002,Li2Ni3(P2O7)2,0.646
107,3.775,204.390,771.578,0.089,0.255,0.049,0.016,0.021,Li14Co13O28,0.645
108,3.850,204.820,788.491,0.083,0.214,0.068,0.028,0.007,Li3V(PO4)2,0.645
109,5.147,102.815,529.207,0.077,0.143,0.073,0.000,0.002,Li2FeP2HO8,0.645
110,4.614,245.319,1131.883,0.056,0.227,0.140,0.049,0.057,Li5Ni2(PO4)3,0.644
111,4.590,167.621,769.337,0.000,0.143,0.090,0.003,0.030,Li4FeNi3(PO4)4,0.644
112,5.104,156.000,796.206,0.000,0.200,0.000,0.056,0.079,LiAgF3,0.644
113,5.053,113.216,572.042,0.000,0.091,0.054,0.014,0.015,LiFeP2O7,0.644
114,3.433,279.545,959.586,0.000,0.250,0.025,0.034,0.073,Li2MnCoO4,0.643
115,5.228,141.496,739.796,0.000,0.115,0.128,0.011,0.021,Li3Fe3(PO4)4,0.643
116,5.410,115.603,625.402,0.000,0.087,0.067,0.031,0.023,Li2Mn(PO3)5,0.643
117,4.098,204.784,839.230,0.000,0.167,0.011,0.048,0.050,LiVOF3,0.643
118,5.180,103.575,536.541,0.083,0.154,0.079,0.005,0.003,Li2Mn(PO4)2,0.642
119,4.856,115.087,558.825,0.000,0.091,0.025,0.000,0.026,LiCrP2O7,0.642
120,4.313,180.496,778.478,0.000,0.105,0.019,0.034,0.038,Li2MnH4(SO5)2,0.642
121,4.922,208.777,1027.520,0.000,0.182,0.065,0.052,0.086,Li2Mn2F7,0.641
122,5.479,107.289,587.888,0.000,0.100,0.055,0.064,0.014,LiMn2F7,0.641
123,5.866,71.504,419.417,0.000,0.056,0.075,0.021,0.005,LiCr(PO3)4,0.640
124,4.913,208.777,1025.785,0.000,0.182,0.064,0.053,0.087,Li2Mn2F7,0.640
125,4.959,127.702,633.288,0.000,0.105,0.075,0.007,0.022,Li8NbFe7(PO4)12,0.640
126,5.861,71.504,419.049,0.000,0.056,0.075,0.022,0.005,LiCr(PO3)4,0.640
127,4.921,121.141,596.089,0.000,0.105,0.066,0.013,0.016,Li8Fe7P12WO48,0.640
128,3.646,197.120,718.672,0.000,0.188,0.037,0.012,0.026,Li3Mg(NiO2)4,0.640
129,5.379,116.342,625.857,0.000,0.087,0.086,0.044,0.011,Li2Cr(PO3)5,0.640
130,4.519,143.471,648.291,0.000,0.143,0.056,0.000,0.028,Li2MnCo3O8,0.640
131,5.626,137.987,776.346,0.000,0.105,0.108,0.014,0.054,Li2Ni(PO3)4,0.640
132,5.028,217.440,1093.213,0.000,0.167,0.163,0.024,0.068,Li2NiP2O7,0.639
133,5.298,103.979,550.851,0.000,0.083,0.057,0.046,0.007,LiNi(SO4)2,0.639
134,5.123,170.751,874.729,0.070,0.184,0.114,0.003,0.056,Li9Fe3P8O29,0.639
135,5.335,106.752,569.526,0.000,0.083,0.064,0.026,0.018,LiCr(SO4)2,0.639
136,5.815,88.585,515.146,0.000,0.071,0.075,0.001,0.033,LiNi(PO3)3,0.639
137,3.932,219.981,865.057,0.000,0.167,0.049,0.034,0.045,Li2FeP2O7,0.638
138,3.280,281.500,923.306,0.000,0.250,0.021,0.047,0.065,Li3Mn2CoO6,0.638
139,4.874,175.317,854.476,0.000,0.143,0.082,0.068,0.036,LiVF5,0.638
140,4.603,167.859,772.656,0.000,0.143,0.078,0.006,0.044,Li4MnNi3(PO4)4,0.637
141,4.723,141.245,667.103,0.222,0.300,0.026,0.002,0.042,Li3MnF6,0.637
142,5.086,146.384,744.489,0.000,0.150,0.145,0.001,0.029,Li3Fe2(AsO4)3,0.636
143,4.137,176.188,728.824,0.091,0.200,0.070,0.030,0.009,Li5Fe2P2(CO7)2,0.636
144,4.786,179.134,857.399,0.000,0.135,0.109,0.050,0.030,Li7Cr4P9O32,0.636
145,5.371,88.515,475.388,0.000,0.071,0.063,0.025,0.007,LiCo(PO3)3,0.636
146,4.247,166.629,707.752,0.000,0.143,0.000,0.006,0.059,LiCoPO4,0.636
147,4.544,116.120,527.628,0.000,0.111,0.043,0.020,0.004,LiMn2F6,0.635
148,5.051,144.431,729.496,0.000,0.115,0.127,0.028,0.016,Li3Cr3(PO4)4,0.635
149,3.776,183.008,691.047,0.100,0.250,0.056,0.000,0.020,LiNiO2,0.635
150,4.142,173.460,718.510,0.070,0.184,0.039,0.000,0.039,Li9V3P8O29,0.635
151,3.713,181.695,674.623,0.000,0.188,0.039,0.020,0.021,Li3Co(NiO2)4,0.634
152,4.920,177.679,874.266,0.083,0.214,0.013,0.073,0.073,Li3Mn2F9,0.634
153,5.106,144.431,737.404,0.000,0.115,0.132,0.026,0.020,Li3Cr3(PO4)4,0.634
154,5.370,116.608,626.188,0.000,0.087,0.089,0.038,0.021,Li2V(PO3)5,0.633
155,5.507,106.726,587.709,0.000,0.100,0.000,0.000,0.082,K2LiCrF6,0.632
156,4.000,225.461,901.820,0.000,0.200,0.000,0.034,0.090,LiMnF3,0.632
157,5.059,176.539,893.175,0.000,0.135,0.134,0.042,0.043,Li7Fe4P9O32,0.632
158,4.215,188.292,793.631,0.000,0.182,0.021,0.000,0.079,Li4MnCo5O12,0.632
159,4.814,108.410,521.835,0.105,0.190,0.084,0.000,0.002,Li4Mn5O12,0.631
160,2.949,298.188,879.262,0.000,0.250,0.138,0.000,0.028,LiVO2,0.631
161,5.443,82.561,449.413,0.000,0.091,0.088,0.000,0.014,LiFeAs2O7,0.631
162,5.025,115.087,578.318,0.000,0.091,0.056,0.013,0.030,LiCrP2O7,0.631
163,4.205,170.910,718.656,0.143,0.250,0.018,0.017,0.046,Li2VOF4,0.630
164,4.226,162.098,685.019,0.000,0.154,0.078,0.058,0.001,Li2Mn3F8,0.630
165,4.110,146.652,602.687,0.222,0.300,0.025,0.026,0.008,Li3VOF5,0.629
166,3.847,125.946,484.547,0.000,0.125,0.000,0.000,0.010,LiVAsO5,0.629
167,5.438,70.947,385.831,0.000,0.056,0.042,0.023,0.010,LiMn(PO3)4,0.629
168,4.515,143.488,647.814,0.125,0.222,0.069,0.036,0.010,Li2CoPO4F,0.629
169,3.384,287.748,973.860,0.000,0.250,0.057,0.040,0.075,Li4Mn3CrO8,0.629
170,5.509,115.087,634.013,0.000,0.091,0.133,0.039,0.012,LiCrP2O7,0.629
171,3.744,216.774,811.506,0.429,0.500,0.117,0.000,0.007,Li5FeO4,0.628
172,4.208,117.094,492.720,0.000,0.109,0.013,0.025,0.005,Li6Cu9(PO4)8,0.628
173,5.052,135.536,684.797,0.167,0.286,0.039,0.035,0.054,Li2AgF4,0.628
174,4.946,124.685,616.752,0.000,0.100,0.140,0.008,0.002,LiFe(SiO3)2,0.628
175,4.258,166.629,709.455,0.000,0.143,0.001,0.004,0.070,LiCoPO4,0.628
176,4.384,149.885,657.163,0.125,0.222,0.024,0.043,0.027,Li2VF6,0.627
177,3.725,226.720,844.552,0.000,0.176,0.003,0.035,0.073,Li3MnVP2(O4F)2,0.626
178,5.484,202.504,1110.480,0.000,0.154,0.102,0.002,0.140,Li2Ni(SO4)2,0.626
179,5.405,70.947,383.461,0.000,0.056,0.052,0.034,0.003,LiMn(PO3)4,0.626
180,4.682,107.203,501.906,0.000,0.083,0.013,0.015,0.028,LiV(SO4)2,0.625
181,4.730,219.981,1040.417,0.000,0.167,0.173,0.004,0.073,Li2FeP2O7,0.625
182,5.316,70.777,376.224,0.000,0.056,0.047,0.035,0.001,LiFe(PO3)4,0.625
183,3.957,178.524,706.461,0.000,0.150,0.066,0.074,0.002,Li6Fe3Sb(PO4)6,0.624
184,5.066,119.592,605.881,0.058,0.147,0.102,0.023,0.017,Li14Ni9(P2O7)8,0.624
185,5.136,166.753,856.363,0.000,0.143,0.157,0.015,0.051,Li2CoNi(PO4)2,0.624
186,4.919,103.882,510.969,0.000,0.083,0.042,0.064,0.003,LiCo(SO4)2,0.624
187,3.151,237.556,748.442,0.200,0.333,0.085,0.022,0.003,Li2VO3,0.624
188,4.640,143.124,664.063,0.000,0.143,0.113,0.003,0.027,Li2FeCo3O8,0.624
189,5.066,88.585,448.796,0.000,0.071,0.048,0.029,0.010,LiNi(PO3)3,0.624
190,5.046,71.706,361.808,0.000,0.056,0.033,0.015,0.004,LiV(PO3)4,0.624
191,3.417,205.505,702.221,0.077,0.250,0.029,0.060,0.015,Li4Co3NiO8,0.624
192,4.015,272.522,1094.150,0.222,0.364,0.000,0.036,0.127,Li4MnF6,0.624
193,5.647,50.397,284.571,0.000,0.056,0.031,0.000,0.026,LiBi(PO3)4,0.623
194,3.727,162.533,605.741,0.143,0.250,0.067,0.006,0.001,Li2CoSiO4,0.623
195,4.847,188.594,914.043,0.000,0.154,0.170,0.075,0.022,Li4Co3P4O15,0.622
196,5.040,128.413,647.200,0.056,0.150,0.135,0.035,0.006,Li3Fe2(PO4)3,0.622
197,4.232,168.371,712.510,0.000,0.143,0.069,0.002,0.046,Li2FeNi(PO4)2,0.622
198,3.788,187.992,712.127,0.000,0.182,0.069,0.074,0.005,Li4FeCo5O12,0.622
199,3.249,161.579,524.970,0.000,0.150,0.000,0.000,0.014,Li3Mo2(PO4)3,0.622
200,4.623,99.529,460.083,0.000,0.087,0.025,0.004,0.023,Li2Co3(P2O7)2,0.622
201,3.311,282.488,935.205,0.000,0.250,0.024,0.030,0.096,Li4Mn3CoO8,0.622
202,4.202,149.885,629.778,0.125,0.222,0.029,0.068,0.009,Li2VF6,0.621
203,3.871,162.533,629.093,0.143,0.250,0.088,0.007,0.002,Li2CoSiO4,0.621
204,3.914,162.533,636.190,0.143,0.250,0.092,0.004,0.004,Li2CoSiO4,0.620
205,4.926,86.435,425.807,0.130,0.184,0.044,0.000,0.017,Li9Cr3P8O29,0.620
206,5.606,83.633,468.838,0.000,0.083,0.123,0.007,0.017,LiFe3(OF3)2,0.620
207,4.624,106.621,492.989,0.091,0.167,0.042,0.039,0.004,Li2CuP2O7,0.620
208,5.296,105.516,558.824,0.000,0.083,0.046,0.012,0.054,LiMn(SO4)2,0.620
209,3.446,169.891,585.489,0.000,0.143,0.028,0.011,0.016,LiFePO4,0.620
210,4.715,146.703,691.683,0.000,0.143,0.088,0.000,0.053,Li2Mn3NiO8,0.620
211,5.070,166.877,846.048,0.000,0.143,0.186,0.051,0.022,LiNiPO4,0.620
212,4.523,147.732,668.198,0.000,0.143,0.115,0.006,0.027,Li3Mn4(FeO6)2,0.619
213,4.514,91.528,413.168,0.000,0.083,0.021,0.000,0.016,LiMo(PO4)2,0.619
214,3.374,205.505,693.416,0.077,0.250,0.025,0.064,0.017,Li4Co3NiO8,0.619
215,5.449,51.813,282.306,0.000,0.040,0.070,0.000,0.000,Na2LiFe(Si2O5)3,0.619
216,4.734,112.736,533.692,0.095,0.186,0.097,0.014,0.005,Li13Mn17O40,0.619
217,3.629,195.140,708.205,0.091,0.231,0.043,0.060,0.016,Li3MnAsCO7,0.618
218,3.754,185.996,698.292,0.214,0.312,0.056,0.035,0.016,Li5Cu(PO4)2,0.618
219,4.835,71.706,346.725,0.000,0.056,0.004,0.000,0.022,LiV(PO3)4,0.618
220,4.371,313.921,1372.001,0.143,0.333,0.023,0.047,0.188,Li3MnF5,0.618
221,4.798,71.706,344.028,0.000,0.056,0.022,0.019,0.003,LiV(PO3)4,0.617
222,4.701,68.142,320.349,0.056,0.105,0.003,0.015,0.005,Li2Cu(PO3)4,0.617
223,5.012,100.527,503.839,0.154,0.214,0.083,0.016,0.014,Li3Fe(PO4)2,0.617
224,5.298,68.142,360.996,0.056,0.105,0.039,0.018,0.018,Li2Cu(PO3)4,0.616
225,4.461,128.413,572.895,0.056,0.150,0.073,0.037,0.007,Li3Fe2(PO4)3,0.616
226,4.955,166.877,826.845,0.000,0.143,0.157,0.043,0.038,LiNiPO4,0.616
227,4.329,172.478,746.658,0.000,0.161,0.101,0.006,0.050,Li9Mn15O32,0.616
228,4.869,130.825,636.975,0.056,0.150,0.114,0.033,0.018,Li3Cr2(PO4)3,0.615
229,4.398,139.161,612.032,0.100,0.182,0.077,0.042,0.007,Li2Ni(CO3)2,0.615
230,4.689,119.273,559.226,0.091,0.167,0.066,0.015,0.025,Li2FePCO7,0.615
231,4.494,123.779,556.317,0.000,0.106,0.090,0.038,0.001,Li5Ni6(P2O7)4,0.615
232,4.612,146.310,674.724,0.000,0.115,0.017,0.018,0.074,Li3Co2P5O16,0.614
233,4.794,70.955,340.162,0.000,0.062,0.020,0.002,0.017,LiCo2P3O10,0.614
234,5.079,77.528,393.739,0.067,0.125,0.076,0.022,0.001,LiMnPO5,0.614
235,4.716,83.039,391.580,0.000,0.071,0.052,0.021,0.001,LiMn2P2O9,0.614
236,4.034,169.419,683.371,0.000,0.130,0.010,0.000,0.072,Li3MnV(P2O7)2,0.613
237,5.070,88.585,449.122,0.000,0.071,0.048,0.028,0.024,LiNi(PO3)3,0.613
238,3.845,169.127,650.284,0.000,0.143,0.045,0.003,0.044,Li4Fe3Ni(PO4)4,0.613
239,4.791,108.614,520.421,0.091,0.167,0.061,0.014,0.027,Li2CoP2O7,0.613
240,5.140,68.951,354.434,0.056,0.105,0.035,0.017,0.018,Li2Co(PO3)4,0.613
241,5.397,68.142,367.780,0.056,0.105,0.048,0.021,0.023,Li2Cu(PO3)4,0.612
242,5.565,50.397,280.468,0.000,0.056,0.060,0.032,0.006,LiBi(PO3)4,0.612
243,5.134,145.300,745.990,0.000,0.125,0.123,0.045,0.046,LiCuPO4F,0.612
244,4.484,126.958,569.218,0.000,0.100,0.109,0.004,0.013,LiCr(SiO3)2,0.612
245,5.317,115.378,613.471,0.000,0.087,0.064,0.036,0.055,Li2Fe(PO3)5,0.612
246,4.193,169.106,708.984,0.118,0.250,0.134,0.005,0.022,Li10Fe9CoO20,0.612
247,2.671,325.702,870.089,0.444,0.545,0.096,0.000,0.040,Li6CoO4,0.612
248,3.798,170.873,648.908,0.000,0.143,0.003,0.000,0.066,LiMnPO4,0.612
249,5.039,92.172,464.469,0.107,0.167,0.092,0.034,0.001,Li5Cr2P5O18,0.611
250,4.125,130.825,539.628,0.056,0.150,0.034,0.036,0.014,Li3Cr2(PO4)3,0.611
251,3.912,104.711,409.591,0.000,0.083,0.000,0.000,0.014,KLiMnPCO7,0.611
252,4.320,215.644,931.479,0.308,0.400,0.096,0.069,0.049,Li6MnF8,0.610
253,4.598,120.537,554.182,0.000,0.106,0.058,0.025,0.032,Li5Cu6(P2O7)4,0.610
254,3.054,263.379,804.405,0.462,0.533,0.082,0.004,0.030,Li8CrO6,0.610
255,2.780,224.499,624.142,0.000,0.167,0.000,0.036,0.026,Li2VP2O7,0.610
256,4.870,145.391,708.017,0.000,0.133,0.075,0.083,0.038,Li2Mn3F10,0.610
257,5.228,71.504,373.795,0.000,0.056,0.056,0.039,0.010,LiCr(PO3)4,0.610
258,4.735,119.273,564.806,0.091,0.167,0.067,0.012,0.036,Li2FePCO7,0.609
259,4.643,101.999,473.564,0.154,0.214,0.071,0.026,0.004,Li3Cr(PO4)2,0.609
260,4.569,139.334,636.645,0.000,0.105,0.019,0.019,0.069,Li2Mn(PO3)4,0.609
261,4.780,100.527,480.493,0.154,0.214,0.082,0.031,0.005,Li3Fe(PO4)2,0.608
262,5.007,166.877,835.571,0.000,0.143,0.153,0.031,0.058,LiNiPO4,0.608
263,3.645,137.172,500.003,0.143,0.250,0.034,0.010,0.009,Li4CoNi3O8,0.608
264,4.755,138.996,660.903,0.048,0.149,0.097,0.012,0.046,Li7Mn4(P2O7)4,0.608
265,3.774,137.222,517.940,0.143,0.250,0.050,0.007,0.011,Li10CoNi9O20,0.608
266,3.390,155.006,525.402,0.125,0.222,0.054,0.000,0.001,Li2VSiO5,0.607
267,4.369,152.077,664.426,0.029,0.150,0.101,0.085,0.001,Li6NbCo3(PO4)6,0.607
268,5.063,124.685,631.288,0.000,0.100,0.153,0.008,0.029,LiFe(SiO3)2,0.607
269,5.054,84.627,427.739,0.000,0.100,0.107,0.000,0.018,LiFe(SeO3)2,0.607
270,3.765,170.195,640.825,0.000,0.150,0.095,0.051,0.003,Li3V4FeO12,0.607
271,4.028,220.803,889.387,0.000,0.167,0.008,0.020,0.118,Li2MnP2O7,0.607
272,5.210,51.278,267.157,0.000,0.053,0.048,0.001,0.016,LiP4WO13,0.606
273,4.436,101.587,450.607,0.000,0.143,0.086,0.003,0.015,Li2Co3BiO8,0.606
274,4.667,86.036,401.504,0.289,0.333,0.064,0.000,0.008,Li2MnO3,0.606
275,5.537,50.397,279.067,0.000,0.056,0.072,0.046,0.001,LiBi(PO3)4,0.605
276,5.225,50.397,263.324,0.000,0.056,0.046,0.038,0.001,LiBi(PO3)4,0.605
277,5.476,140.573,769.754,0.222,0.300,0.023,0.088,0.088,Li3FeF6,0.605
278,4.625,115.321,533.357,0.091,0.167,0.075,0.034,0.017,Li2CuPCO7,0.605
279,4.750,111.736,530.704,0.000,0.105,0.072,0.002,0.043,Li2Cr3(CoO6)2,0.605
280,3.621,204.583,740.886,0.185,0.312,0.084,0.038,0.028,Li5Mn3O8,0.605
281,5.142,108.720,559.009,0.091,0.167,0.102,0.025,0.033,Li2NiP2O7,0.604
282,4.726,108.720,513.805,0.091,0.167,0.076,0.037,0.016,Li2NiP2O7,0.604
283,4.790,131.734,630.982,0.000,0.105,0.066,0.012,0.063,Li8TiMn7(PO4)12,0.604
284,3.766,185.996,700.523,0.214,0.312,0.055,0.032,0.037,Li5Cu(PO4)2,0.603
285,4.070,91.528,372.556,0.000,0.083,0.015,0.031,0.000,LiMo(PO4)2,0.603
286,5.033,131.024,659.443,0.000,0.143,0.153,0.000,0.049,LiNiAsO4,0.603
287,3.656,138.264,505.482,0.143,0.250,0.039,0.008,0.016,Li4FeNi3O8,0.602
288,5.108,105.516,538.976,0.000,0.083,0.034,0.017,0.069,LiMn(SO4)2,0.602
289,4.488,95.293,427.723,0.214,0.267,0.056,0.026,0.004,Li4Cu(PO4)2,0.602
290,4.818,126.239,608.167,0.000,0.105,0.071,0.012,0.060,Li8Mn7Sn(PO4)12,0.602
291,2.881,225.952,650.857,0.000,0.190,0.003,0.075,0.029,Li4V5O12,0.601
292,4.445,64.001,284.456,0.000,0.056,0.032,0.005,0.000,LiMo(PO3)4,0.601
293,4.611,124.259,572.904,0.273,0.333,0.055,0.041,0.031,Li4MnF7,0.601
294,5.247,50.397,264.453,0.000,0.056,0.040,0.031,0.013,LiBi(PO3)4,0.601
295,4.601,101.999,469.303,0.154,0.214,0.071,0.029,0.010,Li3Cr(PO4)2,0.601
296,3.353,189.414,635.021,0.100,0.250,0.098,0.030,0.005,Li2MnFeO4,0.601
297,4.519,141.969,641.542,0.204,0.278,0.085,0.044,0.029,Li5CrP2(O4F)2,0.601
298,2.831,222.987,631.234,0.077,0.250,0.093,0.011,0.010,Li4V3CrO8,0.600
299,4.854,60.099,291.717,0.000,0.050,0.066,0.009,0.001,NaLiFe2(SiO3)4,0.600
300,3.150,235.591,741.998,0.083,0.267,0.100,0.071,0.010,Li4Fe3(OF3)2,0.600
301,4.520,110.919,501.340,0.308,0.357,0.045,0.041,0.019,Li5MnF8,0.599
302,4.598,69.264,318.455,0.000,0.062,0.038,0.032,0.000,LiCu2P3O10,0.599
303,1.432,308.749,442.038,0.000,0.250,0.006,0.000,0.018,LiTiO2,0.599
304,4.822,68.746,331.477,0.000,0.091,0.045,0.011,0.024,LiBiP2O7,0.599
305,3.451,165.914,572.500,0.000,0.143,0.038,0.081,0.000,Li4TiCu3(PO4)4,0.599
306,3.652,145.313,530.750,0.143,0.250,0.046,0.035,0.009,Li2TiNiO4,0.599
307,3.455,174.770,603.880,0.083,0.214,0.056,0.029,0.022,Li3Mo(PO4)2,0.599
308,3.850,127.960,492.705,0.143,0.250,0.070,0.003,0.012,Li2CoGeO4,0.598
309,5.027,64.971,326.580,0.000,0.056,0.022,0.032,0.027,LiNi2(SO4)3,0.598
310,2.070,303.376,628.130,0.000,0.250,0.023,0.026,0.046,Li2TiVO4,0.598
311,4.746,130.825,620.897,0.056,0.150,0.102,0.035,0.037,Li3Cr2(PO4)3,0.598
312,3.077,194.470,598.325,0.167,0.286,0.033,0.069,0.001,Li2VOF3,0.598
313,3.465,137.314,475.806,0.125,0.222,0.060,0.004,0.000,Li4V2SiGeO10,0.597
314,4.570,109.991,502.645,0.091,0.167,0.138,0.006,0.003,Li2FeP2O7,0.597
315,4.779,130.825,625.225,0.056,0.150,0.109,0.038,0.035,Li3Cr2(PO4)3,0.597
316,5.779,35.805,206.900,0.057,0.083,0.072,0.048,0.003,Li3Mo(PO3)8,0.597
317,5.514,70.205,387.115,0.000,0.056,0.110,0.067,0.001,LiCo(PO3)4,0.597
318,5.344,113.216,604.981,0.000,0.091,0.109,0.038,0.052,LiFeP2O7,0.597
319,4.623,76.426,353.345,0.125,0.176,0.026,0.022,0.018,Li3V2F12,0.597
320,4.572,88.515,404.688,0.000,0.071,0.000,0.024,0.042,LiCo(PO3)3,0.597
321,4.051,110.402,447.256,0.091,0.167,0.047,0.025,0.008,Li2MnP2O7,0.596
322,4.732,92.853,439.422,0.200,0.250,0.050,0.019,0.028,Li4MnP2O9,0.596
323,2.966,195.893,580.940,0.286,0.375,0.020,0.000,0.029,Li3CrO4,0.596
324,4.835,126.684,612.490,0.056,0.150,0.144,0.075,0.002,Li3Ni2(PO4)3,0.596
325,3.477,144.311,501.838,0.143,0.250,0.064,0.008,0.005,Li2CrFeO4,0.596
326,4.633,77.528,359.219,0.067,0.125,0.056,0.031,0.004,LiMnPO5,0.596
327,2.732,237.964,650.016,0.000,0.200,0.001,0.096,0.026,Li4V4(OF3)3,0.596
328,4.859,51.574,250.607,0.000,0.043,0.008,0.006,0.027,LiCo2(PO3)5,0.596
329,3.830,119.756,458.666,0.091,0.167,0.019,0.031,0.014,Li2MnPCO7,0.595
330,5.010,39.192,196.373,0.072,0.100,0.042,0.003,0.005,Li10Sc9Fe(SiO3)20,0.595
331,4.848,47.736,231.437,0.000,0.040,0.053,0.008,0.001,Na3Li2Fe5(SiO3)10,0.595
332,4.876,58.178,283.674,0.000,0.050,0.071,0.015,0.001,LiV3P3O13,0.595
333,4.001,220.803,883.354,0.000,0.167,0.026,0.040,0.113,Li2MnP2O7,0.595
334,4.134,104.213,430.773,0.357,0.400,0.001,0.036,0.019,Li6CuF8,0.595
335,3.655,115.219,421.111,0.125,0.222,0.041,0.016,0.003,Li4Ni5O9,0.594
336,5.004,119.713,599.005,0.038,0.167,0.124,0.023,0.048,Li5Bi2P5O18,0.594
337,3.700,130.219,481.872,0.000,0.200,0.085,0.033,0.006,Li4Cr(WO4)3,0.594
338,4.691,59.304,278.168,0.000,0.056,0.047,0.027,0.000,LiNi3P3O11,0.594
339,4.832,32.396,156.523,0.000,0.028,0.018,0.000,0.006,LiTi3MnCr(PO4)6,0.593
340,4.778,31.259,149.364,0.000,0.029,0.006,0.001,0.008,LiMgCr3Se2(SO6)4,0.593
341,4.425,225.570,998.204,0.250,0.357,0.096,0.047,0.101,Li5VF8,0.593
342,3.146,165.635,521.129,0.143,0.250,0.069,0.000,0.007,Li2FeSiO4,0.592
343,4.460,64.001,285.440,0.000,0.056,0.042,0.014,0.003,LiMo(PO3)4,0.592
344,3.792,162.318,615.490,0.214,0.312,0.107,0.050,0.002,Li5Fe3O8,0.592
345,4.966,89.699,445.411,0.000,0.071,0.059,0.000,0.055,LiMn(PO3)3,0.591
346,3.355,137.314,460.723,0.125,0.222,0.046,0.004,0.009,Li4V2SiGeO10,0.590
347,4.763,71.790,341.970,0.118,0.167,0.094,0.015,0.001,LiNiBO3,0.590
348,3.292,254.805,838.775,0.462,0.533,0.092,0.029,0.050,Li8FeO5F,0.590
349,4.052,110.402,447.379,0.091,0.167,0.046,0.024,0.018,Li2MnP2O7,0.589
350,4.941,99.464,491.421,0.154,0.214,0.119,0.061,0.004,Li3Ni(PO4)2,0.589
351,3.110,171.980,534.891,0.000,0.150,0.032,0.076,0.002,Li3V5O12,0.589
352,4.613,81.385,375.409,0.200,0.250,0.085,0.021,0.004,Li2SiNiO4,0.589
353,3.866,87.657,338.884,0.000,0.083,0.041,0.000,0.006,LiV3(OF3)2,0.589
354,3.947,115.610,456.307,0.000,0.091,0.031,0.000,0.038,LiVP2O7,0.589
355,5.933,18.245,108.242,0.221,0.231,0.065,0.036,0.008,Li3FeSi2O7,0.589
356,5.312,68.951,366.251,0.056,0.105,0.076,0.046,0.024,Li2Co(PO3)4,0.589
357,2.972,192.698,572.726,0.000,0.147,0.072,0.047,0.003,Li14V9(P2O7)8,0.588
358,4.789,83.324,399.040,0.176,0.222,0.085,0.042,0.005,Li2MnCO5,0.588
359,4.525,68.746,311.062,0.000,0.091,0.053,0.045,0.001,LiBiP2O7,0.588
360,4.830,27.921,134.851,0.000,0.026,0.024,0.013,0.001,LiNi6P7O24,0.587
361,3.020,165.312,499.256,0.048,0.167,0.074,0.000,0.005,LiFeBO3,0.587
362,2.793,165.635,462.602,0.143,0.250,0.028,0.009,0.006,Li2FeSiO4,0.587
363,3.305,123.248,407.370,0.125,0.222,0.032,0.005,0.007,Li2VGeO5,0.587
364,4.820,66.781,321.917,0.000,0.071,0.115,0.012,0.000,Li3Cr10Fe5O24,0.587
365,2.986,198.017,591.267,0.100,0.250,0.106,0.001,0.015,Li3V2CrO6,0.586
366,3.852,104.987,404.462,0.143,0.250,0.069,0.012,0.006,Li2NiSnO4,0.586
367,1.886,225.340,424.984,0.000,0.250,0.000,0.000,0.026,LiTiS2,0.586
368,3.186,141.259,450.042,0.222,0.300,0.056,0.000,0.000,Na2Li3CoO4,0.586
369,3.541,121.927,431.794,0.000,0.111,0.042,0.045,0.000,LiV2OF5,0.586
370,4.955,30.213,149.721,0.172,0.200,0.038,0.000,0.010,LiNbO3,0.585
371,3.832,117.459,450.062,0.130,0.200,0.044,0.034,0.011,Li5Fe2P2(CO7)2,0.585
372,4.648,218.130,1013.875,0.000,0.200,0.084,0.088,0.123,LiCoF3,0.585
373,3.325,139.947,465.286,0.143,0.250,0.000,0.031,0.026,Li2MnNiO4,0.585
374,2.822,165.635,467.346,0.143,0.250,0.030,0.007,0.011,Li2FeSiO4,0.584
375,5.791,38.038,220.286,0.057,0.083,0.077,0.052,0.018,Li3Cr(PO3)8,0.584
376,3.058,166.500,509.084,0.024,0.149,0.083,0.016,0.003,Li7Fe8(BO3)8,0.583
377,4.650,100.527,467.489,0.154,0.214,0.077,0.035,0.029,Li3Fe(PO4)2,0.583
378,4.545,50.893,231.320,0.000,0.050,0.041,0.027,0.002,LiNi4(PO4)3,0.582
379,3.015,125.327,377.844,0.000,0.125,0.000,0.039,0.001,LiMoPO5,0.582
380,3.069,166.500,511.026,0.024,0.149,0.080,0.012,0.008,Li7Fe8(BO3)8,0.582
381,4.981,99.464,495.399,0.154,0.214,0.125,0.064,0.012,Li3Ni(PO4)2,0.582
382,4.158,48.798,202.895,0.000,0.038,0.009,0.009,0.003,Na5LiNi2P2(CO7)2,0.582
383,4.501,81.385,366.353,0.200,0.250,0.085,0.028,0.004,Li2SiNiO4,0.581
384,4.780,17.314,82.769,0.000,0.014,0.006,0.005,0.007,LiMgCr7(SO4)12,0.581
385,5.642,37.831,213.458,0.057,0.083,0.080,0.060,0.008,Li3Fe(PO3)8,0.581
386,2.960,181.265,536.618,0.000,0.158,0.001,0.091,0.017,Li3V4(OF3)3,0.581
387,4.913,69.667,342.269,0.056,0.105,0.055,0.006,0.042,Li2Mn(PO3)4,0.581
388,2.577,236.390,609.265,0.000,0.200,0.002,0.075,0.042,Li2V2OF5,0.581
389,3.346,140.362,469.602,0.118,0.211,0.071,0.014,0.005,Li4Mn2Si3O10,0.581
390,3.946,154.610,610.095,0.000,0.143,0.177,0.002,0.018,Li2V3CrO8,0.580
391,2.172,163.446,355.033,0.000,0.250,0.000,0.000,0.015,LiNbS2,0.580
392,3.824,85.468,326.828,0.235,0.278,0.027,0.006,0.008,Li5VP2(O4F)2,0.580
393,2.825,189.853,536.244,0.000,0.188,0.080,0.053,0.001,Li3Mn5O8,0.580
394,3.365,150.206,505.508,0.143,0.250,0.015,0.029,0.036,Li4MgCo3O8,0.580
395,3.541,117.928,417.626,0.130,0.200,0.024,0.045,0.005,Li5Mn2P2(CO7)2,0.580
396,2.951,181.265,534.869,0.000,0.158,0.002,0.094,0.016,Li3V4(OF3)3,0.580
397,4.167,96.818,403.475,0.000,0.091,0.106,0.022,0.002,LiMoP2O7,0.580
398,3.419,104.987,358.949,0.143,0.250,0.007,0.012,0.019,Li2NiSnO4,0.579
399,4.241,69.482,294.668,0.000,0.059,0.035,0.041,0.003,LiMn2P3O11,0.579
400,3.469,121.927,422.936,0.000,0.111,0.040,0.051,0.002,LiV2OF5,0.579
401,3.253,193.358,628.992,0.100,0.250,0.125,0.049,0.007,Li2MnCrO4,0.579
402,4.732,74.068,350.469,0.056,0.150,0.105,0.047,0.003,Li3Bi2(PO4)3,0.579
403,4.730,19.564,92.540,0.000,0.017,0.022,0.005,0.003,Na5LiFe6(SiO3)12,0.578
404,2.351,233.304,548.496,0.000,0.200,0.000,0.019,0.055,LiVF3,0.578
405,2.796,215.486,602.538,0.000,0.182,0.002,0.113,0.026,Li2V2F7,0.578
406,3.372,137.088,462.251,0.143,0.250,0.000,0.017,0.042,Li2CoNiO4,0.578
407,2.868,165.635,475.035,0.143,0.250,0.035,0.005,0.020,Li2FeSiO4,0.578
408,2.545,306.964,781.312,0.444,0.540,0.088,0.023,0.053,Li47(CoO4)8,0.577
409,2.865,165.635,474.473,0.143,0.250,0.033,0.004,0.022,Li2FeSiO4,0.577
410,4.175,83.285,347.739,0.200,0.250,0.089,0.000,0.004,Li2MnSiO4,0.577
411,4.657,37.103,172.797,0.304,0.333,0.051,0.000,0.005,Li2SnO3,0.577
412,4.470,24.648,110.175,0.000,0.022,0.019,0.000,0.002,LiCa9Mn(PO4)7,0.577
413,3.399,155.006,526.819,0.125,0.222,0.089,0.030,0.009,Li2VSiO5,0.577
414,5.415,69.667,377.216,0.056,0.105,0.119,0.041,0.028,Li2Mn(PO3)4,0.576
415,4.703,11.683,54.948,0.000,0.010,0.013,0.004,0.002,Na9LiFe10(SiO3)20,0.576
416,4.629,81.385,376.731,0.200,0.250,0.088,0.023,0.019,Li2SiNiO4,0.576
417,4.069,96.876,394.176,0.182,0.250,0.096,0.007,0.009,Li3Cr2FeO6,0.575
418,4.439,113.651,504.518,0.000,0.091,0.012,0.006,0.089,LiMnP2O7,0.575
419,5.318,168.640,896.889,0.000,0.250,0.000,0.063,0.196,Li2BiF5,0.574
420,2.391,365.675,874.482,0.000,0.294,0.161,0.054,0.068,Li5V4O8,0.574
421,4.652,127.703,594.060,0.083,0.214,0.117,0.044,0.053,Li3Bi(PO4)2,0.574
422,4.614,208.482,961.883,0.053,0.182,0.131,0.023,0.124,Li2Co(CO3)2,0.573
423,4.104,83.285,341.831,0.200,0.250,0.090,0.005,0.002,Li2MnSiO4,0.573
424,3.898,96.207,375.040,0.182,0.250,0.087,0.007,0.005,Li2CrFeO4,0.573
425,3.638,117.928,429.030,0.130,0.200,0.031,0.043,0.017,Li5Mn2P2(CO7)2,0.573
426,3.826,53.631,205.215,0.000,0.053,0.009,0.010,0.004,LiMo2P3O13,0.572
427,5.113,70.947,362.768,0.000,0.056,0.035,0.034,0.063,LiMn(PO3)4,0.572
428,4.052,95.547,387.154,0.182,0.250,0.099,0.005,0.011,Li3Cr(FeO3)2,0.572
429,3.886,109.928,427.140,0.148,0.207,0.068,0.051,0.004,Li6Mn2C4SO16,0.571
430,3.464,89.589,310.360,0.000,0.100,0.051,0.000,0.005,LiV(GeO3)2,0.571
431,4.079,71.415,291.311,0.200,0.250,0.076,0.005,0.001,Li4CrFe3O8,0.571
432,4.625,92.562,428.115,0.200,0.250,0.098,0.058,0.012,Li4FeP2O9,0.571
433,4.350,111.756,486.166,0.091,0.167,0.169,0.000,0.013,Li2CrP2O7,0.571
434,3.357,125.348,420.743,0.000,0.111,0.017,0.089,0.001,LiV2(OF)3,0.571
435,4.253,225.461,958.890,0.000,0.200,0.051,0.024,0.165,LiMnF3,0.571
436,4.937,94.330,465.703,0.000,0.154,0.199,0.002,0.030,Li2Ni(WO4)2,0.570
437,3.205,101.969,326.785,0.000,0.077,0.011,0.026,0.004,Na2LiMnPCO7,0.570
438,3.914,71.415,279.526,0.200,0.250,0.063,0.004,0.000,Li4CrFe3O8,0.570
439,3.887,85.079,330.710,0.136,0.208,0.059,0.026,0.005,Li5Mn2Ni5O12,0.570
440,3.081,121.927,375.615,0.000,0.111,0.005,0.063,0.002,LiV2OF5,0.569
441,2.985,120.286,359.079,0.000,0.111,0.051,0.000,0.005,LiV2F6,0.569
442,3.670,92.692,340.206,0.182,0.250,0.041,0.025,0.008,Li3Mn(NiO3)2,0.569
443,5.091,71.342,363.218,0.263,0.300,0.134,0.044,0.010,Li3CoSiO5,0.568
444,3.036,145.124,440.612,0.143,0.250,0.059,0.041,0.001,Li2TiCoO4,0.568
445,3.654,88.558,323.617,0.000,0.091,0.040,0.047,0.000,LiSbP2O7,0.568
446,3.774,97.011,366.143,0.100,0.182,0.062,0.046,0.002,Li4Cr3(CoO4)3,0.568
447,3.998,83.285,333.000,0.200,0.250,0.088,0.010,0.003,Li2MnSiO4,0.568
448,3.220,198.796,640.156,0.167,0.286,0.000,0.082,0.061,Li2V(OF)2,0.567
449,2.867,202.437,580.306,0.214,0.333,0.031,0.050,0.040,Li11Mn6O16,0.567
450,3.802,80.071,304.403,0.107,0.167,0.057,0.021,0.002,Li5Mo2P5O18,0.566
451,4.938,84.544,417.482,0.130,0.184,0.056,0.015,0.070,Li9Co3P8O29,0.566
452,3.066,315.938,968.630,0.118,0.348,0.063,0.044,0.140,Li8(NiO2)5,0.566
453,3.961,83.285,329.915,0.200,0.250,0.084,0.009,0.005,Li2MnSiO4,0.566
454,3.532,107.719,380.517,0.056,0.150,0.078,0.027,0.004,Li3Mo2(PO4)3,0.565
455,4.422,102.709,454.198,0.083,0.154,0.013,0.014,0.085,Li2Mn(SO4)2,0.564
456,2.813,299.804,843.429,0.000,0.222,0.000,0.035,0.146,Li2VPO4F,0.564
457,4.992,60.284,300.963,0.000,0.056,0.035,0.000,0.073,LiSb(PO3)4,0.564
458,4.149,59.086,245.158,0.200,0.250,0.066,0.023,0.000,Li4Ni3SbO8,0.563
459,3.226,200.878,647.957,0.227,0.346,0.098,0.070,0.027,Li9Fe5O12,0.563
460,3.822,106.835,408.312,0.231,0.286,0.098,0.023,0.006,Li4MnSi2O7,0.563
461,5.027,88.145,443.123,0.000,0.100,0.123,0.007,0.064,LiFe(GeO3)2,0.563
462,2.841,172.022,488.800,0.143,0.250,0.089,0.025,0.007,Li2AlVO4,0.563
463,3.432,111.036,381.064,0.091,0.167,0.073,0.006,0.013,LiMnBO3,0.563
464,3.039,193.148,586.899,0.286,0.375,0.083,0.051,0.021,Li3VO3F,0.562
465,3.966,220.803,875.686,0.000,0.167,0.006,0.029,0.166,Li2MnP2O7,0.562
466,3.810,69.593,265.166,0.200,0.250,0.043,0.019,0.006,Li8TiNi7O16,0.562
467,3.842,142.288,546.686,0.117,0.292,0.193,0.009,0.019,Li7La3(SnO6)2,0.562
468,4.287,27.879,119.509,0.000,0.026,0.006,0.013,0.015,LiCo6P7O24,0.562
469,3.999,41.638,166.504,0.000,0.043,0.018,0.009,0.011,LiMo3P3O16,0.562
470,3.492,53.631,187.271,0.000,0.053,0.000,0.019,0.000,LiMo2P3O13,0.561
471,3.867,70.258,271.677,0.200,0.250,0.061,0.022,0.001,Li4Cr3GaO8,0.561
472,5.827,57.337,334.125,0.045,0.087,0.095,0.048,0.064,Li2Ni(PO3)5,0.560
473,3.995,106.179,424.144,0.148,0.207,0.087,0.068,0.005,Li6Cu2C4SO16,0.560
474,3.107,161.424,501.523,0.000,0.200,0.180,0.005,0.004,Li(CuO)2,0.560
475,4.807,108.260,520.431,0.148,0.207,0.098,0.042,0.060,Li6Ni2C4SO16,0.560
476,2.709,142.060,384.821,0.143,0.250,0.007,0.016,0.026,Li2MnFeO4,0.559
477,4.888,146.613,716.625,0.000,0.100,0.069,0.000,0.142,LiFe(CO3)2,0.558
478,3.657,55.387,202.544,0.211,0.250,0.023,0.009,0.004,Li10Fe3Ni7O20,0.558
479,3.402,276.660,941.064,0.222,0.364,0.000,0.043,0.164,Li4CrF6,0.558
480,3.081,193.148,595.173,0.286,0.375,0.091,0.052,0.026,Li3VO3F,0.557
481,3.487,87.385,304.708,0.154,0.214,0.057,0.025,0.000,Li3Mo(PO4)2,0.557
482,3.264,96.818,316.032,0.000,0.091,0.037,0.042,0.002,LiMoP2O7,0.557
483,4.647,93.319,433.620,0.182,0.250,0.122,0.010,0.047,Li3Fe2NiO6,0.557
484,2.665,148.224,395.018,0.143,0.250,0.063,0.020,0.002,Li2VCrO4,0.557
485,4.527,20.156,91.242,0.115,0.132,0.035,0.024,0.006,Li7Mn14O32,0.556
486,3.575,93.670,334.876,0.222,0.300,0.065,0.021,0.012,Li3CuSbO5,0.556
487,3.779,72.350,273.418,0.200,0.250,0.067,0.017,0.004,Li4Cr3NiO8,0.555
488,3.470,63.257,219.529,0.000,0.059,0.007,0.041,0.001,LiV4O5F7,0.555
489,3.675,70.585,259.396,0.200,0.250,0.036,0.021,0.011,Li4TiNi3O8,0.554
490,4.354,105.951,461.294,0.150,0.227,0.154,0.061,0.008,Li5Fe5O12,0.554
491,3.465,49.474,171.436,0.000,0.038,0.014,0.011,0.000,Na5LiMn2P2(CO7)2,0.554
492,2.930,193.148,565.966,0.286,0.375,0.086,0.067,0.016,Li3VO3F,0.553
493,3.176,121.997,387.496,0.000,0.143,0.112,0.000,0.013,LiNbFeO4,0.553
494,4.257,141.245,601.331,0.222,0.300,0.014,0.037,0.109,Li3MnF6,0.553
495,3.528,63.257,223.189,0.000,0.059,0.013,0.042,0.004,LiV4O5F7,0.552
496,3.768,54.889,206.843,0.211,0.250,0.024,0.008,0.016,Li10CoNi9O20,0.552
497,3.653,70.585,257.827,0.200,0.250,0.035,0.021,0.013,Li4TiNi3O8,0.552
498,3.964,42.417,168.135,0.174,0.208,0.046,0.017,0.003,Li5Fe2Ni5O12,0.552
499,2.908,224.499,652.850,0.000,0.167,0.002,0.017,0.117,Li2VP2O7,0.551
500,3.681,67.786,249.528,0.200,0.250,0.033,0.018,0.016,Li4CuNi3O8,0.551
501,3.351,98.570,330.299,0.069,0.129,0.050,0.050,0.001,Li4Cr3(CO3)6,0.550
502,3.626,216.663,785.511,0.250,0.364,0.149,0.077,0.054,Li12Fe5O16,0.550
503,3.871,51.561,199.587,0.261,0.292,0.035,0.016,0.011,Li7Fe5O12,0.550
504,4.341,66.176,287.279,0.000,0.056,0.000,0.004,0.076,LiMn2(SO4)3,0.550
505,3.590,74.337,266.857,0.107,0.167,0.036,0.026,0.015,Li5Sb2P5O18,0.549
506,3.804,41.408,157.534,0.174,0.208,0.028,0.013,0.007,Li5Cu2Ni5O12,0.549
507,4.671,94.290,440.403,0.000,0.154,0.192,0.000,0.047,Li2Co(WO4)2,0.548
508,4.001,220.803,883.500,0.000,0.167,0.000,0.018,0.194,Li2MnP2O7,0.548
509,4.109,220.803,907.302,0.000,0.167,0.008,0.007,0.204,Li2MnP2O7,0.548
510,3.477,29.363,102.100,0.000,0.031,0.000,0.000,0.004,K11LiMn4O16,0.548
511,2.939,98.624,289.892,0.182,0.250,0.053,0.002,0.005,Li3VCr2O6,0.547
512,3.376,298.046,1006.339,0.000,0.222,0.044,0.041,0.186,Li2CrPO4F,0.547
513,3.967,28.592,113.435,0.000,0.026,0.003,0.000,0.026,LiMn6P7O24,0.546
514,3.868,59.860,231.511,0.167,0.211,0.069,0.035,0.000,Li4Cr5O10,0.546
515,3.934,51.578,202.890,0.108,0.154,0.061,0.038,0.000,Li6(NiO2)11,0.546
516,3.862,249.609,963.897,0.056,0.227,0.016,0.039,0.195,Li5Mn2(PO4)3,0.544
517,2.403,217.779,523.358,0.000,0.250,0.000,0.000,0.111,LiCrS2,0.543
518,3.344,83.880,280.463,0.091,0.149,0.072,0.026,0.000,Li7Mn8(BO3)8,0.543
519,3.247,49.474,160.640,0.000,0.038,0.010,0.016,0.004,Na5LiMn2P2(CO7)2,0.542
520,4.135,54.391,224.930,0.000,0.125,0.157,0.000,0.006,LiBi(PdO2)2,0.541
521,2.976,225.437,670.906,0.474,0.540,0.091,0.037,0.064,Li47(NiO4)8,0.540
522,4.395,31.731,139.448,0.150,0.171,0.055,0.048,0.009,Li7Fe3Ni(PO4)6,0.539
523,3.341,125.154,418.129,0.000,0.143,0.118,0.082,0.000,Li4Mn3V3(TeO8)2,0.539
524,3.441,89.359,307.492,0.077,0.143,0.072,0.005,0.026,LiVSiO4,0.539
525,2.716,163.089,443.006,0.500,0.545,0.032,0.021,0.039,Li6NiO4,0.539
526,2.814,104.889,295.185,0.143,0.250,0.058,0.022,0.007,Li2CoSnO4,0.538
527,3.934,96.612,380.112,0.100,0.182,0.128,0.076,0.002,Li2(FeO2)3,0.538
528,3.304,33.027,109.105,0.000,0.028,0.005,0.015,0.002,LiV4P7O24,0.536
529,2.336,145.135,339.050,0.143,0.250,0.042,0.047,0.003,Li2VFeO4,0.536
530,2.570,163.284,419.579,0.308,0.400,0.028,0.014,0.048,Li2CuO2,0.536
531,2.302,189.062,435.206,0.286,0.375,0.058,0.080,0.001,Li3V(OF)2,0.536
532,2.559,120.754,309.030,0.222,0.300,0.020,0.000,0.029,K2Li3CoO4,0.536
533,2.386,126.545,301.977,0.000,0.150,0.051,0.028,0.008,Li3Nb4VO12,0.535
534,3.205,129.245,414.238,0.500,0.533,0.054,0.029,0.033,Li8FeO6,0.535
535,2.275,137.557,312.972,0.000,0.143,0.000,0.088,0.003,LiNbF5,0.535
536,2.991,61.515,183.999,0.000,0.059,0.002,0.038,0.004,LiV4OF11,0.535
537,3.443,73.586,253.337,0.143,0.200,0.055,0.055,0.002,Li3TiFe3O8,0.534
538,4.529,18.536,83.947,0.221,0.231,0.060,0.044,0.011,Li3CrSi2O7,0.532
539,2.930,238.464,698.690,0.214,0.353,0.069,0.112,0.069,Li6Fe3O8,0.531
540,3.519,29.123,102.498,0.053,0.077,0.019,0.025,0.004,LiMn2(PO4)2,0.531
541,2.865,180.171,516.275,0.286,0.375,0.074,0.098,0.022,Li3MnOF3,0.531
542,2.571,179.079,460.497,0.286,0.375,0.073,0.096,0.005,Li3FeOF3,0.530
543,2.876,49.309,141.826,0.000,0.038,0.005,0.010,0.005,Na5LiFe2P2(CO7)2,0.530
544,3.308,183.924,608.403,0.167,0.286,0.009,0.029,0.126,Li2FeF4,0.529
545,3.957,37.370,147.889,0.118,0.143,0.078,0.040,0.000,Li5Mn6(BO3)6,0.528
546,2.669,179.079,477.880,0.286,0.375,0.085,0.094,0.008,Li3FeOF3,0.528
547,2.750,152.626,419.725,0.333,0.400,0.066,0.067,0.015,Li4FeOF4,0.527
548,2.286,248.948,569.108,0.474,0.545,0.085,0.026,0.061,Li6FeO4,0.523
549,2.915,115.702,337.316,0.273,0.333,0.059,0.005,0.039,Li2VO2F,0.523
550,2.379,165.408,393.430,0.000,0.182,0.121,0.069,0.000,Li2Fe(PS3)2,0.523
551,2.056,106.172,218.299,0.143,0.250,0.001,0.020,0.011,Li2FeSnO4,0.523
552,3.346,56.328,188.491,0.091,0.130,0.067,0.036,0.001,Li3Mn4(BO3)4,0.522
553,3.219,115.702,372.499,0.273,0.333,0.092,0.010,0.040,Li2VO2F,0.522
554,3.638,18.595,67.654,0.143,0.155,0.034,0.021,0.006,Li11Mn12(BO3)12,0.521
555,2.645,105.752,279.693,0.111,0.200,0.080,0.038,0.001,Li2TiFe2O5,0.520
556,2.877,162.729,468.174,0.333,0.400,0.100,0.088,0.014,Li4VO3F2,0.519
557,2.759,67.643,186.636,0.121,0.171,0.065,0.003,0.000,Li6Ti9O20,0.519
558,2.524,83.832,211.603,0.103,0.167,0.060,0.000,0.005,Li7Ti11O24,0.518
559,2.668,107.743,287.505,0.100,0.182,0.064,0.046,0.008,Li2V2F7,0.518
560,5.959,68.155,406.137,0.000,0.059,0.194,0.094,0.069,LiNi2P3O11,0.518
561,2.855,126.474,361.136,0.250,0.333,0.025,0.010,0.066,Li3(CuO2)2,0.518
562,2.293,175.341,401.970,0.000,0.143,0.000,0.000,0.091,LiVPO4,0.518
563,2.792,170.022,474.695,0.444,0.500,0.092,0.054,0.032,Li5CoO4,0.518
564,3.398,86.709,294.616,0.474,0.500,0.073,0.046,0.019,Li5FeO4,0.517
565,3.669,156.960,575.933,0.250,0.333,0.063,0.083,0.087,Li3MnF5,0.516
566,1.440,151.688,218.359,0.143,0.250,0.000,0.019,0.010,Li2TiVO4,0.516
567,2.547,30.668,78.106,0.000,0.100,0.000,0.022,0.002,Cs2LiSbBr6,0.514
568,4.284,105.119,450.324,0.111,0.200,0.000,0.029,0.144,LiCuF3,0.513
569,3.263,285.493,931.640,0.000,0.250,0.014,0.000,0.250,LiMnO2,0.512
570,2.844,170.022,483.577,0.444,0.500,0.110,0.065,0.030,Li5CoO4,0.512
571,3.492,10.047,35.088,0.042,0.061,0.038,0.029,0.002,Li3La14(CuO7)4,0.511
572,2.619,60.221,157.697,0.200,0.250,0.043,0.015,0.003,Li4Fe3SbO8,0.510
573,2.031,312.296,634.401,0.333,0.455,0.112,0.088,0.063,Li5VO3F2,0.510
574,3.011,44.899,135.185,0.211,0.250,0.060,0.017,0.002,Li5Mn3(SnO5)2,0.510
575,2.718,58.729,159.606,0.167,0.200,0.011,0.036,0.018,Li5Fe2P2(CO7)2,0.503
576,2.552,72.210,184.244,0.200,0.250,0.055,0.030,0.003,Li4TiFe3O8,0.503
577,1.588,129.491,205.590,0.000,0.100,0.039,0.032,0.001,LiTi(SiO3)2,0.501
578,2.826,132.982,375.844,0.364,0.417,0.108,0.100,0.003,Li5FeOF5,0.500
579,3.883,53.746,208.673,0.407,0.429,0.115,0.074,0.009,Li3FeO3,0.499
580,2.855,81.580,232.936,0.391,0.417,0.074,0.039,0.013,Li5Cu(HO2)2,0.498
581,1.964,166.903,327.760,0.500,0.545,0.041,0.000,0.052,Li6MnO4,0.496
582,1.441,218.149,314.394,0.143,0.294,0.000,0.080,0.047,Li5V2Cr2O8,0.496
583,2.755,132.982,366.345,0.364,0.417,0.100,0.098,0.014,Li5FeOF5,0.492
584,2.130,109.584,233.370,0.357,0.400,0.056,0.056,0.002,Li6VF8,0.492
585,1.659,65.472,108.600,0.000,0.071,0.000,0.027,0.002,LiTi3Zn2O8,0.489
586,2.589,99.489,257.622,0.467,0.500,0.089,0.036,0.019,Li4CoO3,0.487
587,2.354,25.613,60.301,0.133,0.175,0.018,0.027,0.002,Li11U4(WO5)8,0.487
588,2.462,105.065,258.699,0.286,0.348,0.113,0.048,0.008,Li8(CoO2)5,0.484
589,1.232,260.886,321.522,0.462,0.533,0.070,0.051,0.035,Li8VO5F,0.484
590,1.927,87.500,168.646,0.267,0.312,0.058,0.022,0.004,Li5Ti3O8,0.483
591,2.010,44.309,89.049,0.140,0.173,0.026,0.018,0.001,Li9Ti12NbO30,0.482
592,1.826,83.832,153.075,0.103,0.167,0.040,0.031,0.010,Li7Ti11O24,0.480
593,2.033,59.367,120.679,0.000,0.050,0.032,0.060,0.000,LiTi3P3O13,0.476
594,1.651,35.254,58.189,0.074,0.107,0.000,0.013,0.002,Li3Ti6Zn3O16,0.475
595,1.700,77.187,131.198,0.200,0.250,0.047,0.007,0.011,LiTiO2,0.474
596,2.307,306.361,706.836,0.333,0.467,0.148,0.123,0.094,Li7(CoO3)2,0.474
597,1.709,242.081,413.636,0.176,0.333,0.074,0.073,0.076,K4Li7Mn2O8,0.474
598,2.311,204.241,471.960,0.385,0.467,0.111,0.087,0.059,Li7(CoO3)2,0.473
599,1.541,42.079,64.842,0.074,0.107,0.015,0.014,0.001,Li3Mg3Ti6O16,0.468
600,1.778,41.243,73.333,0.105,0.150,0.024,0.038,0.003,Li3Nb4ZnO12,0.465
601,2.709,56.544,153.174,0.200,0.250,0.074,0.117,0.000,Li4Cu3TeO8,0.463
602,1.716,12.593,21.615,0.174,0.186,0.007,0.012,0.001,Li13Nb14ZnO42,0.463
603,2.249,129.481,291.207,0.517,0.548,0.070,0.068,0.041,Li17Cr2O12,0.463
604,1.925,45.753,88.055,0.111,0.167,0.050,0.036,0.007,Li8La4TiNb7O28,0.462
605,1.119,415.217,464.691,0.143,0.400,0.066,0.103,0.142,Li2VO2,0.460
606,1.703,9.731,16.571,0.322,0.333,0.013,0.000,0.007,LiFeAs,0.458
607,2.805,153.419,430.384,0.333,0.400,0.072,0.097,0.089,Li4MnOF4,0.457
608,1.818,152.696,277.559,0.522,0.560,0.070,0.043,0.050,Li14Mn2O9,0.457
609,1.926,218.693,421.136,0.211,0.348,0.070,0.038,0.127,Li8Mn5O10,0.447
610,1.840,74.344,136.810,0.500,0.533,0.000,0.029,0.059,Li8BiO6,0.446
611,1.801,140.718,253.403,0.000,0.200,0.170,0.124,0.002,LiFeCuS2,0.444
612,4.882,87.698,428.141,0.143,0.250,0.119,0.054,0.184,LiAgF2,0.443
613,1.436,118.721,170.516,0.500,0.545,0.064,0.086,0.015,Li6FeS4,0.438
614,1.630,138.330,225.486,0.300,0.364,0.000,0.057,0.091,Li4CrF6,0.433
615,1.589,152.168,241.819,0.545,0.583,0.055,0.093,0.048,Li7CuO4,0.433
616,0.928,57.534,53.381,0.143,0.186,0.000,0.077,0.001,Li11Ti12(NiO8)4,0.432
617,1.811,118.431,214.473,0.395,0.447,0.106,0.099,0.031,Li21(Co4O9)2,0.423
618,1.900,352.338,669.293,0.182,0.400,0.071,0.043,0.246,Li6Mn(FeO3)2,0.420
619,1.209,309.550,374.307,0.333,0.500,0.173,0.000,0.138,Li2NiN,0.414
620,1.858,257.603,478.623,0.250,0.400,0.120,0.098,0.148,Li8FeCo3O8,0.403
621,1.186,80.580,95.559,0.333,0.500,0.105,0.000,0.082,Li2SbAu,0.392
622,0.948,108.047,102.379,0.333,0.500,0.110,0.039,0.170,Li2CdSb,0.304
